name,price,stock
UNIVISION LED350 17 Inch AH LED Monitor,3800৳,In stock
DELL D1918H 18.5 INCH LED MONITOR,8200৳,In stock
Esonic 19ELMW 19 Inch LED HD Monitor,4400৳,In stock
Kaloc KLC DS90 17-32 inch LCD/LED Monitor Single Arm Desk Mount Stand,4300৳,In stock
Esonic 22ELMW 22 Inch FHD (1920×1080) LED Monitor,7000৳,In stock
Univision LED350 19 Inch Wide Screen AH LED Monitor,5000৳,In stock
ACER K202HQL 19.5 Inch HD LED Monitor,8000৳,In stock
Starex NB 19 Inch Wide Led Monitor,4600৳,In stock
Viewsonic VA1903H 18.5 Inch FHD LED Monitor,7300৳,In stock
Dell E2016HV 19.5-inch LED-backlit LCD Monitor,8100৳,In stock
Univision LED350 AH-LED 22inch Black Monitor,7100৳,In stock
KALOC KLC DS90-2 17-32 Inch Dual LCD Monitor Desk Mount Stand,5200৳,In stock
Acer Nitro V206HQL A 19.5 Inch HD Monitor,8100৳,In stock
ESONIC ES1701 17 Inch Square LED Monitor,3400৳,In stock
Kaloc KLC M360 17-35 inch LCD/LED Monitor Single Arm Desk Mount Stand,4400৳,In stock
KALOC KLC M520 10-27 Inch TV Computer Monitor Wall Mount,4500৳,In stock
Kaloc KLC H1 Mounting Extension VESA Adapter for 17-27 Inch Non Vesa Monitors,1600৳,In stock
Hi Power 19 inch LED Wide Monitor,4700৳,In stock
"Acer V196HQL 18.5-inch HD LED Monitor (VGA, HDMI)",7700৳,In stock
STM F22Y 21.5 inch FHD Monitor,7999৳,In stock
Lenovo ThinkVision E20-30 19.5-inch WLED HD+ Monitor,9100৳,In stock
HP V19 18.5-Inch HD Monitor,8200৳,In stock
"HP P204v 19.5 Inch HD LED Monitor (VGA, HDMI)",8800৳,In stock
Uniview MW3222-X 22 Inch LED FHD Monitor With Built-In Speakers,8800৳,In stock
Value-Top T22VF 21.5 Inch Full HD LED Monitor,8800৳,In stock
Acer V206HQL Abi 19.5 Inch HD Monitor,8700৳,In stock
Lenovo D19-10 18.5 inch WLED Monitor,8600৳,In stock
Trendsonic TS5322 21.5 Inch LED Monitor,9000৳,In stock
LG 20MK400H 20 INCH HD MONITOR,9100৳,In stock
Acer EB192Q 18.5 Inch HD Backlit LED LCD Monitor,9100৳,In stock
Xiaomi Redmi RMMNT215NF 21.45-inch FHD Monitor,8299৳,In stock
HP V19E 18.5 inch HD LED Monitor,8800৳,In stock
NPC MF2203 22 Inch Bezel Less Full HD 75Hz LED Monitor,8300৳,In stock
AOC E970SWHEN 18.5 Inch HDMI LED Monitor,8900৳,In stock
LG 20MK400A-B 19.5 Inch HD Monitor,9100৳,In stock
NPC MF2204 22 Inch Bezel Less Full HD 75Hz LED Monitor,8300৳,In stock
Acer KA222Q H 21.5 Inch 100Hz AMD FreeSync Full HD Monitor,8999৳,In stock
"Lenovo D20-20 19.5 inch LCD Monitor (HDMI, VGA)",8999৳,In stock
HP V20 19.5 Inch HD+ LED TN Monitor,8500৳,In stock
Univision f22 AH-LED 22inch Borderless White Monitor,8400৳,In stock
Dell E1920H 18.5 Inch HD WideScreen LED Monitor,9700৳,In stock
Lenovo ThinkVision E22-28 21.5 Inch IPS FHD Monitor,10800৳,In stock
HP P19b G4 18.5 Inch Monitor,10800৳,In stock
Dell E1916HV 18.5 inch LED Monitor,9800৳,In stock
LG 22MP400-B 22-inch Full HD Monitor,10300৳,In stock
MSI PRO MP223 21.45 Inch Full HD Business Monitor,9400৳,In stock
Lenovo L22e-30 21.5-inch FHD Monitor,10800৳,In stock
ViewSonic VA2215-H 22 Inch Full HD Monitor,9200৳,In stock
HP V194 18.5 inch LED Backlight Monitor,10400৳,In stock
ViewSonic VA2209-H 22 Inch IPS Full HD Monitor,10800৳,In stock
Dahua LM22-B200S 21.45 Inch FHD Monitor,9300৳,In stock
Lenovo D22-20 21.5-inch LED Backlit LCD Monitor,10500৳,In stock
LG 19M38A 18.5 Inch Monitor,10100৳,In stock
Acer EK220Q 21.5 Inch 75Hz Full HD Monitor,10999৳,In stock
Philips 18.5 inch 193V5LHSB2 HDMI LCD monitor,10000৳,In stock
AOC 22V2Q 21.5 inch FHD Borderless Flicker Free IPS Monitor,10999৳,In stock
HP P19V G4 18.5 Inch HD Monitor,10400৳,In stock
Samsung S22F350FHM 22-inch Full HD LED Monitor,9999৳,In stock
Xiaomi Mi 1C 23.8 Inch Full HD IPS Monitor,10999৳,In stock
Dahua DHI-LM22-C201 21.45 Inch FHD IPS Monitor,9500৳,In stock
Xiaomi Redmi G24 23.8 inch FHD LCD Gaming Monitor,12400৳,In stock
BenQ GW2283 21.5 Inch Eye-care Stylish Full HD IPS Monitor,13500৳,In stock
Dahua DHI-LM24-B200S 23.8 Inch FHD Monitor,12800৳,In stock
HP V22v 21.5-inch FHD LED Monitor,11400৳,In stock
ViewSonic VX2276-SH 22 inch FHD IPS Monitor,12200৳,In stock
Lenovo ThinkVision E22-28 22-inch FHD IPS Monitor,13100৳,In stock
HP P22v G4 21.5 inch Full HD Monitor,11800৳,In stock
Xiaomi Redmi 1A 23.8 inch Monitor,11100৳,In stock
Lenovo L22i-30 21.5-inch FHD IPS LED FreeSync UltraSlim Monitor,11300৳,In stock
HP N223 21.5 Inch Diagonal Monitor (Bundle),13000৳,In stock
LG 22MK430H-B 22 Inch FHD IPS LED Monitor with AMD FreeSync,12700৳,In stock
LG 22MP410 21.5-inch FreeSync Full HD IPS Monitor,13400৳,In stock
XIAOMI Redmi A24 23.8 Inches VA FHD 75Hz Monitor,11500৳,In stock
Acer HA220Q 21.5 Inch FHD IPS Monitor (White),12300৳,In stock
Uniview MW3224-V 24 Inch LED FHD Monitor With Built-In Speakers,12800৳,In stock
Logitech Monitor Mount For Meetup,11800৳,In stock
Dell SE2222H 21.5 Inch FHD Monitor,12400৳,In stock
BenQ GW2280 22 Inch Eye-care Stylish Full HD LED Monitor,12500৳,In stock
SAMSUNG LF22T350 22-INCH FLAT IPS BORDER-LESS MONITOR,12800৳,In stock
Lenovo ThinkVision S22e-20 21.5 Inch FHD FreeSync Monitor,12000৳,In stock
Asus VP229HE 21.5 Inch Full HD FreeSync Eye Care Monitor,15700৳,In stock
Huawei MateView SE SSN-24 23.8-inch FHD Monitor,15600৳,In stock
HP V221VB 21.5-inch Full HD Monitor,14100৳,In stock
AOC 22B2HN 21.5 Inch FHD Monitor,13800৳,In stock
Philips 222V8La 22 Inch Va Panel LCD Monitor,14200৳,In stock
XIAOMI REDMI RMMNT27NF 27 INCH FULL HD IPS MONITOR,14999৳,In stock
LG 22MK600M 21.5 inch IPS Full HD LED Monitor,14700৳,In stock
HP P22va G4 21.5 inch Full HD Monitor,13700৳,In stock
ASUS VP229HE 21.5 Inch 16:9 FreeSync Eye Care IPS Monitor,15900৳,In stock
Huntkey RRB2413 23.8 inch FHD Monitor,15700৳,In stock
ASUS VZ22EHE 22 Inch Full HD IPS Eye Care Ultra-slim Monitor,14200৳,In stock
Value Top T24IF 23.8 Inch Full HD 75Hz IPS LED Monitor,13999৳,In stock
HP M22f 21.5 Inch IPS LED FHD Monitor,13600৳,In stock
MSI PRO MP242C 23.6 Inch FHD Curved For Productivity And Comfort Monitor,15600৳,In stock
MSI Pro MP221 21.5 inch FULL HD Monitor,13800৳,In stock
MSI PRO MP241X Business And Productivity Monitor,14800৳,In stock
Samsung C24F390FHW 23.5 Inch Curved Full HD LED Monitor,15800৳,In stock
HUAWEI AD80HW 23.8 Inch Monitor,15700৳,In stock
ViewSonic VA2406-H-2 24 inch Full HD VA Monitor,14800৳,In stock
PHILIPS 226E9QHAB 21.5-inch 75Hz FreeSync IPS LED Monitor,15300৳,In stock
ASUS BE229QLBH 21.5-inch Full HD IPS Business Monitor,16100৳,In stock
Samsung F24T350FHC 24-inch FHD Monitor,19500৳,In stock
ASUS VP247HAE 23.6-inch Full HD Eye Care VA Monitor,18400৳,In stock
Lenovo L24e-20 23.8 Inch FHD HDMI VGA Monitor,17000৳,In stock
LG 24MP400-B 23.8 Inch 16:9 FreeSync Full HD IPS Monitor,19300৳,In stock
Lenovo L24i-30 23.8-inch FHD IPS FreeSync Monitor,18900৳,In stock
Samsung FT35 Series LF24T350FHWXXL 24 inch Full HD IPS LED Monitor,17200৳,In stock
Asus VA229HR 21.5 Inch IPS Eye Care Monitor,16000৳,In stock
Acer Nitro VG240YB 23.8 Inch Full HD IPS Gaming Monitor,19500৳,In stock
HP P22h G4 21.5 inch Full HD IPS Monitor,19000৳,In stock
Dell SE2219HX 21.5 inch LED Full HD Monitor,17500৳,In stock
Huntkey M2411 24 Inch FHD Monitor,16700৳,In stock
MSI G2412V 23.8 Inch FHD Gaming Monitor,18000৳,In stock
ASUS VZ239HR 23 inch Eye Care Monitor,18800৳,In stock
Dell SE2417HGX 24 inch FreeSync TN Monitor,17000৳,In stock
ViewSonic VX2416 24-inch 100Hz Full HD Gaming Monitor,17500৳,In stock
Asus VZ229HE Eye Care Full HD IPS 21.5 Inch Monitor,17100৳,In stock
ASUS VA229QSB 21.5 Inch IPS Full HD Eye Care Monitor,16800৳,In stock
VIEWSONIC VA2409-H 24 INCH FULL HD MONITOR,17800৳,In stock
LG 24MK430H-B 23.8-inch 16:9 FreeSync IPS Gaming Monitor,18000৳,In stock
ViewSonic VA2432-h 24” 75Hz Full HD IPS Monitor,20800৳,In stock
LENOVO G24-20 24 INCH FHD 165HZ IPS GAMING MONITOR,22500৳,In stock
HP M24fwa 23.8-Inch 75Hz FHD IPS Monitor,19999৳,In stock
AOC G2490VX 23.8 Inch FHD 144Hz Gaming Monitor,21900৳,In stock
ViewSonic VX2405-P-MHD 24 inch Full HD IPS Gaming Monitor,22500৳,In stock
HP M24f 24 Inch FHD IPS Monitor,19999৳,In stock
HP X24ih 23.8 Inch 144 Hz FreeSync IPS Gaming Monitor,22199৳,In stock
HP P24v G4 23.8 Inch IPS Monitor,19600৳,In stock
Dell S2421HN 24 inch IPS Full HD Monitor,21500৳,In stock
ASUS VZ24EHE 23.8 Inch Full HD IPS 75Hz Eye Care Monitor,20900৳,In stock
HP M24fw 24 Inch FHD IPS Monitor,21100৳,In stock
Acer HA240Y Awmi 23.8 Inch FHD HDMI VGA IPS Monitor,21300৳,In stock
Asus VA249HE 23.8 inch Full HD Eye Care Monitor,20600৳,In stock
Philips 246E9QJAB 23.8 Inch Full HD IPS LED Ultra Wide-Color Black-Silver Wall Mountable Monitor,22400৳,In stock
HP E22 G4 21.5 Inch FHD IPS Monitor,21300৳,In stock
Xiaomi Redmi RMMNT27NQ 27 inch 2K IPS Monitor,19999৳,In stock
Lenovo ThinkVision E24-28 23.8 Inch IPS FHD Monitor,20800৳,In stock
PHILIPS 241V8 24 Inch IPS FHD Monitor,20400৳,In stock
Asus VY249HE 24 Inch FHD IPS Eye Care Monitor,21500৳,In stock
ASUS TUF VG246H1A 24 Inch Full HD 100Hz IPS Gaming Monitor,20500৳,In stock
HP E23 G4 23-inch FHD IPS Monitor,23000৳,In stock
MSI Modern MD241P 23.8 Inch FHD IPS Type C Monitor,25700৳,In stock
AOC 24G2 24 INCH FRAMELESS 144HZ GAMING MONITOR,25500৳,In stock
LG 27MP400-B 27 Inch FreeSync Full HD IPS Monitor,24800৳,In stock
MSI Optix G24C6P 23.8 inch 144hz Curved Freesync Gaming Monitor,25500৳,In stock
LG UltraGear 24GN60R 24 Inch FHD 144Hz IPS FreeSync Gaming Monitor,24800৳,In stock
ASUS TUF Gaming VG247Q1A 23.8-inch 16:9 165Hz Gaming Monitor,24000৳,In stock
MSI Optix MAG245R2 23.8 Inch LED IPS Full HD 170Hz FreeSync Monitor,25200৳,In stock
MSI Modern MD241PW 23.8 Inch FHD IPS Type-C Monitor,24600৳,In stock
MSI Optix G24C4 144hz Gaming Monitor,24300৳,In stock
Value Top T27IFR165 27 Inch Full HD 165Hz IPS LED Monitor,23500৳,In stock
ViewSonic VX2481-MH 24-inch 75Hz Full HD Monitor,24100৳,In stock
ViewSonic VX2468-PC-MHD 23.6-inch 16:9 Curved FreeSync 165 Hz LCD Gaming Monitor,24900৳,In stock
MSI G2412 23.8-inch FHD 170Hz IPS Esports Gaming Monitor,23600৳,In stock
LG UltraGear 24MP60G 24 Inch FHD IPS FreeSync Gaming Monitor,24000৳,In stock
SAMSUNG LF27T350FHW 27 INCH IPS LED MONITOR,25000৳,In stock
GIGABYTE G24F 23.8 INCH FULL HD 165HZ GAMING MONITOR,23900৳,In stock
ASUS VZ279HEG1R 27 Inch FHD IPS Ultra-Slim 75Hz Gaming Monitor,25300৳,In stock
Asus TUF VG249Q1R 23.8 Inch 144Hz Full HD IPS LED Gaming Monitor,24800৳,In stock
Redmi 2K Pro 27 Inch QHD 75HZ IPS Black Gaming Monitor,24999৳,In stock
Dell P2719H 27 Inch LED Full HD IPS Monitor,25800৳,In stock
MSI Modern MD271PW 27 Inch FHD IPS Type-C Monitor,29200৳,In stock
LG 24GN65R-B 23.8 Inch FHD IPS 144Hz Gaming Monitor,26900৳,In stock
ViewSonic VX2781-MH 27 Inch 75Hz Full HD IPS Monitor,26400৳,In stock
Lenovo ThinkVision E24q-20 23.8-inch 2K QHD Monitor,25900৳,In stock
ASUS TUF VG249Q 24 Inch 144Hz Free-Sync Gaming Monitor,27900৳,In stock
AOC G2590PX 24.5-inch Full HD 144HZ Freesync Gaming Monitor,26000৳,In stock
MSI Modern MD271CPW 27-inch 16:9 Curved 75 Hz VA Monitor,28500৳,In stock
ViewSonic TD2223 22-inch IR Touch Monitor,26400৳,In stock
DELL S2721HN 27 INCH FHD LCD IPS MONITOR,28000৳,In stock
Viewsonic VX2418-P-MHD 24 Inch 165Hz FHD Gaming Monitor,26300৳,In stock
ASUS VA27ECE 27 inch Full HD Type-C IPS Eye Care Monitor,26800৳,In stock
Asus TUF Gaming VG249Q1A 23.8 Inch 165Hz FHD IPS LED Monitor,26500৳,In stock
ViewSonic VX2718-P-MHD 27 Inch 165Hz Gaming Monitor,27800৳,In stock
Philips 276E9QJAB/94 27-inch FHD LCD Monitor With Ultra Wide Color,26200৳,In stock
Asus VP249QGR 23.8 Inch 144 Hz FHD Gaming Monitor,26500৳,In stock
HP E24 G4 23.8-inch FHD IPS Monitor,26700৳,In stock
Viewsonic VX2458-C-MHD 24 Inch FHD 144Hz Curved Gaming Monitor,25800৳,In stock
SAMSUNG T55 27-INCH FULL HD FREESYNC CURVED LCD MONITOR,28700৳,In stock
GIGABYTE G27FC 27 INCH CURVED 165 HZ ADAPTIVE-SYNC VA GAMING MONITOR,28499৳,In stock
ASUS VT229H 21.5 Inch FHD Touch Monitor,31400৳,In stock
ASUS VA329HE 31.5-inch 75Hz FHD FreeSync IPS Eye Care Monitor,31500৳,In stock
LG UltraGear 27MP60G 27 Inch FHD IPS FreeSync Gaming Monitor,29500৳,In stock
ASUS VG258QR 24.5 Inch FHD 165Hz Gaming Monitor,30500৳,In stock
Lenovo G27-20 27 inch IPS FHD Gaming Monitor,29500৳,In stock
HP M27FW 27-inch FHD IPS Monitor,29500৳,In stock
AOC C32G2E 31.5 Inch Full HD Curved Gaming Monitor,32500৳,In stock
LG 32ML600M-B 32 Inch IPS Full HD HDR 75Hz Gaming Monitor,31000৳,In stock
Asus VZ279HE Eye Care 27 inch IPS FHD Monitor,29500৳,In stock
HP M27fwa 27 INCHE FHD IPS Freesync Dual HDMI Monitor,29400৳,In stock
MSI Optix G271 27 inch 144Hz FreeSync FHD IPS Gaming Monitor,31500৳,In stock
GIGABYTE G27F 27-inch 144Hz 1080P Gaming Monitor,29500৳,In stock
MSI G2722 FHD IPS Gaming Monitor,30800৳,In stock
Asus TUF Gaming VG259Q 24.5” 144Hz Full HD Gaming Monitor,31500৳,In stock
Xiaomi RMMNT30HFCW 30-inch 200Hz Curved Gaming Monitor,32000৳,In stock
ASUS ZenScreen MB166B 15.6 Inch Full HD IPS Portable USB Monitor,30400৳,In stock
GIGABYTE G27F 2 27 Inch 165Hz FHD Gaming Monitor (UK Version),29500৳,In stock
MSI Optix G27C7 27-inch 165hz Curved Gaming Monitor,32500৳,In stock
MSI Modern MD271P 27 Inch FHD IPS Type-C Monitor,30700৳,In stock
Acer EB321HQ Abi 31.5 Inch FHD HDMI VGA IPS Monitor,32800৳,In stock
MSI Optix G27C4 27-inch Curved 165Hz VA LED Monitor,35000৳,In stock
HP Z24F G3 24 Inch FHD HDMI DP USB Monitor,37999৳,In stock
ASUS TUF VG279Q1A 27 Inch FHD Gaming Monitor,34500৳,In stock
LG 24QP550-B 23.8 Inch QHD IPS Monitor,33500৳,In stock
LG 27QN600-B 27 Inch FreeSync QHD 75Hz IPS Monitor,38000৳,In stock
Viewsonic VX3276-2K-mhd-2 32 Inch IPS QHD Entertainment Monitor,37400৳,In stock
MSI Optix G273 27-inch 165 Hz FHD IPS Gaming Monitor,38500৳,In stock
ViewSonic VA2932-MHD 29 Inch WFHD IPS Monitor,33800৳,In stock
ViewSonic VA3209-2K-MHD 32 Inch 2K QHD Monitor With Built-In Speakers,35900৳,In stock
XIAOMI XMMNT27HQ 27-INCH IPS QHD 165HZ GAMING MONITOR,33500৳,In stock
ASUS TUF GAMING VG259QR 24.5 Inch FHD 165Hz 1ms G-Sync Gaming Monitor,34800৳,In stock
Huawei MateView GT 27-inch Standard Edition 2K 165Hz Curved Gaming Monitor,35500৳,In stock
LG 27GL650F-B 27 Inch Full HD 144Hz Ultra Gear Gaming Monitor,33500৳,In stock
Fantech GM271SF Chimera 27 Inch 165Hz IPS FHD Gaming Monitor,35500৳,In stock
MSI Optix G2712 27 inch 170Hz Flat Gaming Monitor,38000৳,In stock
SAMSUNG LS27AM500NW 27 INCH SMART MONITOR,33000৳,In stock
ASUS BE24EQK 23.8 inch Full HD IPS Business Monitor (Full HD Webcam),34500৳,In stock
ViewSonic VP2458 24 Inch Frameless 1080p sRGB IPS Monitor,37900৳,In stock
Samsung 32AM500 32 Inch M5 Smart WiFi FHD Monitor,37000৳,In stock
Asus VG278QR 27 Inch 165Hz G-SYNC LED Gaming Monitor,37800৳,In stock
ViewSonic VX2758-2KP-MHD 27-inch 144Hz WQHD IPS Gaming Monitor,41500৳,In stock
Xiaomi Mi 34 Inch 144Hz FreeSync Curved Monitor,39500৳,In stock
MSI Optix MAG272CQR 165Hz gaming Monitor,42000৳,In stock
GIGABYTE M27Q 27 inch QHD KVM IPS Gaming Monitor,41500৳,In stock
GIGABYTE M27Q P 27 Inch 1440P HDR 165Hz Gaming Monitor,42500৳,In stock
MSI Optix MAG251RX 24.5 inch Full HD Gaming Monitor,43500৳,In stock
Asus ProArt Display PA248QV 24 Inch Adaptive-Sync IPS Professional Monitor,43500৳,In stock
"LG 32QN600-B 32 Inch QHD IPS Dual HDMI, DP & Headphone Black Monitor",40800৳,In stock
GIGABYTE G27QC 27 INCH 165HZ QHD CURVED ADAPTIVE-SYNC GAMING MONITOR,39000৳,In stock
Samsung LS32AM500NW 32 inch M5 Smart Monitor,43000৳,In stock
Gigabyte Aorus FI25F 25 Inch 2‎40Hz sRGB FHD Gaming Monitor,41000৳,In stock
Xiaomi XMMNT27NU 27-inch 4k 60HZ Monitor,38999৳,In stock
Lenovo G27q-20 27 Inch QHD 2K IPS Gaming Monitor,41500৳,In stock
GIGABYTE G27Q 27-inch 144Hz 1440P Gaming Monitor,40000৳,In stock
Viewsonic XG2705-2K 27 Inch 144Hz QHD IPS Gaming Monitor,42500৳,In stock
Samsung LU28E590DS 28 Inch 4K Ultra HD LED Monitor,43000৳,In stock
BenQ Zowie XL2546K 25-Inch 240Hz DyAC+ e-Sports Gaming Monitor,43500৳,In stock
GIGABYTE G32QC 32 inch 165Hz Curved Gaming Monitor,44000৳,In stock
ASUS TUF Gaming VG279Q1R 27 Inch FHD IPS 144Hz 1Ms Gaming Monitor,38800৳,In stock
HP M32f 31.5 Inch Full HD FreeSync Monitor,39000৳,In stock
Asus TUF GAMING VG30VQL1A 29.5-inch WFHD 200HZ CURVED GAMING MONITOR,56000৳,In stock
LG 27UP600-W 27 Inch 4K UHD IPS Monitor,53500৳,In stock
MSI Modern MD271UL 27 Inch 4K UHD 60HZ Type-C Monitor,44200৳,In stock
Asus TUF VG27AQ1A 27 Inch G-SYNC 170Hz 2k Gaming Monitor,44800৳,In stock
ASUS VA27AQSB 27-inch 2K WQHD IPS Eye Care Monitor,46500৳,In stock
Viewsonic VX3211-4K-mhd 32 Inch 4K Entertainment Monitor,45900৳,In stock
ASUS TUF Gaming VG259QM 24.5inch FHD 280Hz G-SYNC Overclockable Monitor,52800৳,In stock
ASUS ProArt PA278QV 27-inch WQHD Monitor,51500৳,In stock
ASUS TUF VG27AC1A 27 inch WQHD IPS Gaming Monitor,48800৳,In stock
LG 27GN750-B 27 inch UltraGear 240Hz G-Sync FHD IPS Gaming Monitor,44500৳,In stock
MSI Optix G27CQ4 27'' 2K Curved 165Hz Gaming Monitor,44500৳,In stock
Asus VP32AQ 32 Inch 2K WQHD IPS Monitor,46500৳,In stock
LG 27GN800-B 27 Inch UltraGear QHD IPS 144Hz HDR Gaming Monitor,49500৳,In stock
Gigabyte G34WQC 34 inch 21:9 FreeSync Ultrawide WQHD VA Gaming Monitor,47500৳,In stock
Lenovo G34w-10 34-inch WLED Ultra-Wide 4K Curved Gaming Monitor,51500৳,In stock
Viewsonic XG2431 24 Inch 240Hz IPS Gaming Monitor,45400৳,In stock
"LG 27GP750-B 27"" UltraGear Full HD 240Hz IPS Gaming Monitor",46500৳,In stock
ASUS TUF VG328H1B 32 Inch FHD 165Hz Curved Gaming Monitor,50800৳,In stock
ASUS TUF Gaming VG27WQ1B 27 Inch WQHD Curved 165Hz Monitor,52500৳,In stock
ASUS TUF Gaming VG279QM 27 Inch HDR Gaming Monitor,54800৳,In stock
ASUS TUF VG27AQ 27inch 2k 165Hz G-SYNC Gaming Monitor,58800৳,In stock
ASUS TUF VG289Q 28 Inch 4K UHD IPS Free sync Gaming Monitor,56900৳,In stock
Gigabyte M32U 31.5 Inch 16:9 4K 144 Hz FreeSync IPS Gaming Monitor,64000৳,In stock
ASUS ProArt Display PA328QV Professional Monitor,67000৳,In stock
LG 27UP850N-W 27 Inch 4K UHD HDR Monitor,61500৳,In stock
Asus ROG Swift PG278QE 27 Inch 2K WQHD 165Hz Gaming Monitor,61000৳,In stock
LG 32GP850-B 32 inch UltraGear 165Hz G-SYNC QHD IPS Gaming Monitor,67000৳,In stock
LG 27QN880-B 27 Inch 2K QHD IPS Ergo Black Monitor,61800৳,In stock
LG 27UN880-B UltraFine 27 Inch FreeSync 4K IPS Monitor with Ergo Stand,72800৳,In stock
ASUS ProArt Display PA278CV 27 Inch Professional sRGB IPS LED Monitor,62900৳,In stock
LG 32UN650-W 31.5 Inch UHD 4K HDR IPS Monitor,65500৳,In stock
HP U28 4K HDR Monitor,57000৳,In stock
ViewSonic VA3456-MHDJ 34-inch LED Ultrawide IPS Monitor,69500৳,In stock
Asus VP32UQ 31.5-inch 4K UHD IPS Monitor,65800৳,In stock
Gigabyte M28U 28 Inch 16:9 144 Hz 4K Gaming Monitor,57500৳,In stock
LG 27GP850-B 27 Inch UltraGear 165Hz G-SYNC QHD IPS Gaming Monitor,60500৳,In stock
LG 27GL850 27 Inch UltraGear Nano IPS 1ms Gaming Monitor,60000৳,In stock
"LG 34WP65C-B 34"" Curved UltraWide QHD HDR FreeSync Premium Monitor",73500৳,In stock
GIGABYTE M32UC 32 Inch 144Hz 4K UHD Curved Gaming Monitor,64500৳,In stock
ASUS ProArt Display PA279CV 27 Inch 4K HDR Monitor,75800৳,In stock
LG 43UN700-B 43 Inch 4K HDR UHD IPS Monitor,105000৳,In stock
Viewsonic XG2703-GS 27 Inch 165Hz G-SYNC IPS Gaming Monitor,99000৳,In stock
LG 34GN850-B 34 Inch Curved UltraGear Nano IPS 144Hz Gaming Monitor,129000৳,In stock
ViewSonic XG251G 25 Inch 360Hz IPS Gaming Monitor,114500৳,In stock
ViewSonic VX2882-4KP 28 inch 150Hz 4K UHD Gaming Monitor,80800৳,In stock
LG 34WQ75C-B 34 Inch Curved UltraWide QHD IPS Monitor,99000৳,In stock
"MSI PRESTIGE PS341WU 34 inch 5K, 8MS NANO IPS Monitor",145000৳,In stock
LG 49WL95C-WE 49 Inch 32:9 UltraWide Dual QHD IPS Curved LED HDR 10 Professional Monitor,164000৳,In stock
LG 34WP85C-B 34 Inch FreeSync Curved UltraWide IPS Monitor,90000৳,In stock
LG 32UN880-B UltraFine 32 Inch Display Ergo 4K HDR10 Monitor,93000৳,In stock
LG 32UL950-W 32 Inch 4K UHD HDR LED Monitor with Thunderbolt 3,166000৳,In stock
ViewSonic ELITE XG320U 32 Inch 4K UHD 1ms 150Hz Gaming Monitor,155500৳,In stock
LG 27GR95QE-B 27 Inch UltraGear OLED QHD 240Hz Gaming Monitor,163000৳,In stock
Asus ROG Swift PG259QNR 24.5 Inch 360Hz FHD eSports G-SYNC Gaming Monitor,111000৳,In stock
LG 28MQ780-B 28 Inch Nano IPS DualUp Monitor with Ergo Stand,95000৳,In stock
ASUS ROG Swift 360Hz PG259QN 24.5 Inch 1ms G-Sync FHD Gaming Monitor,101000৳,In stock
ViewSonic Elite XG270QG 27 Inch 2K 165Hz Nano IPS G-Sync Gaming Monitor,109500৳,In stock
ViewSonic Elite XG320Q 32 Inch 1440p 0.5ms 175Hz IPS G-Sync Compatible Gaming Monitor,112500৳,In stock
Asus ROG Strix XG49VQ 49 Inch 4K Gaming Monitor,141000৳,In stock
MSI Creator PS321URV 32 Inch 16:9 4K HDR IPS Monitor,99000৳,In stock
ASUS ROG Swift PG42UQ 41.5 Inch UHD 4K HDR 138Hz OLED Gaming Monitor,262000৳,In stock
ASUS ROG Strix XG43UQ 43 Inch 4K UHD 144Hz HDR DSC FreeSync Gaming Monitor,192000৳,In stock
LG 32GQ950-B 32 Inch UltraGear 4K UHD 144Hz IPS Gaming Monitor,171000৳,In stock
LG LG34WK95U-W 34 inch UltraWide 5K2K IPS LED Monitor,174000৳,In stock
Dell S2218H 21.5 Inch Full HD IPS Borderless Monitor with Built-in Speaker,0৳,Out of stock
Sony Bravia KD-75X80J 75 Inch 4K Ultra HD Smart LED Android TV,292900৳,In stock
ASUS ProArt PA32UC-K 32 Inch 4K-UHD IPS HDR Eye Care Professional Monitor,192000৳,In stock
ASUS ProArt Display PA32UCR-K Professional Monitor,232000৳,In stock
Huntkey N2298SWH 21.5 Inch FHD Monitor,0৳,Out of stock
LG 27EP950-B 27 Inch UltraFine OLED Pro 4K Professional Monitor,303000৳,In stock
Samsung Odyssey C49G95TSSW 49-inch G-Sync 240Hz Curved 2k Gaming Monitor,175000৳,In stock
Acer EK220Q H 21.5 Inch 100Hz Full HD Monitor,0৳,Out of stock
Lenovo ThinkVision S27e-20 27-inch IPS FHD Monitor,0৳,Out of stock
LG UltraGear 27GN60R 27 inch FHD 144Hz IPS Gaming Monitor,0৳,Out of stock
SAMSUNG Odyssey G9 49 Inch Gaming Monitor,187000৳,In stock
LG 32EP950-B 32 Inch UltraFine OLED Pro 4K Monitor,433000৳,In stock
Dell U2422H 23.8-inch 16:9 IPS Monitor,0৳,Out of stock
Acer Nitro QG221Q H 21.5 Inch 100Hz Full HD Monitor,0৳,Out of stock
LG 34GP950G-B 34 Inch Ultragear QHD MONITOR,0৳,Out of stock
Huntkey RRB2211E/H 21.5 Inch FHD LED Monitor,0৳,Out of stock
LG 20MP48A-P 20 Inch IPS LED MONITOR,6900৳,Out of stock
ViewSonic VA2232-H 22” Full HD IPS Monitor,10800৳,Out of stock
Samsung S22R350FHM LED Monitor,10500৳,Out of stock
SAMSUNG F22T350FHE 22-inch Full HD IPS Monitor,14500৳,Out of stock
HP EliteDisplay E223 21.5 inch Full HD Monitor,14100৳,Out of stock
ViewSonic VA2201-H 22 inch Full HD VA Monitor,12700৳,Out of stock
ASUS VZ229H 21.5 INCH FULL HD ULTRA-SLIM IPS MONITOR,11300৳,Out of stock
HP V214a 20.7 Inch FHD LED Monitor,10500৳,Out of stock
Value Top T22IF 21.5 Inch Full HD LED Monitor,9499৳,Out of stock
Viewsonic VP2768 27-inch 2K 1440p IPS Monitor,0৳,Out of stock
PHILIPS 226E9QDSB 21.5 Inch IPS GAMING LED AMD Free Sync MONITOR,11300৳,Out of stock
HP V22 21.5 inch LED Full HD Monitor,14000৳,Out of stock
Samsung Odyssey C27G75TQSW 27-inch G-Sync 240Hz Curved 2k LED Gaming Monitor,0৳,Out of stock
MSI Pro MP241 23.8,14800৳,Out of stock
LG 22MN430M-B 22 Inch Full HD IPS Monitor,12700৳,Out of stock
"Samsung LS22F350FHN Full HD 21.5-inch Led Monitor (HDMI, VGA)",13500৳,Out of stock
HP 22fw 21.5 IPS Full HD LED Monitor (White),13500৳,Out of stock
Samsung Odyssey G7 LC32G75TQS 32 Inch 240Hz Curved Gaming Monitor,0৳,Out of stock
HP V214b 20.7 inch Monitor,12000৳,Out of stock
ViewSonic VA2261-2 22 Inch 1080p Home and Office Monitor,8500৳,Out of stock
HP 22f 21.5 Inch IPS LED Full HD Monitor,15500৳,Out of stock
MSI Optix G241V E2 24-inch Full HD Gaming Monitor,17400৳,Out of stock
HP P24h G4 23.8-Inch FHD Monitor,18000৳,Out of stock
ASUS VC239H-W 23 Inch FHD IPS Eye Care Monitor,21500৳,Out of stock
MSI Optix G24C6 23.8-inch 144hz Curved Freesync Gaming Monitor,19800৳,Out of stock
VIEWSONIC VX2276-SHD 22 INCH IPS MONITOR,16500৳,Out of stock
HP EliteDisplay E243 23.8 Inch IPS FHD Monitor,19100৳,Out of stock
HP 24F 24-INCH FULL HD IPS LED BACKLIGHT MONITOR (WITH HDMI CABLE),19900৳,Out of stock
LG 24MK600M 24 INCH IPS BORDERLESS FULL HD MONITOR,20800৳,Out of stock
MSI Optix G241 23.8 inch 144Hz 1ms FreeSync Full HD Gaming Monitor,21500৳,Out of stock
BENQ GW2480 23.8 INCH EYE-CARE IPS MONITOR,20200৳,Out of stock
DELL SE2419HR 24 INCH MONITOR,15900৳,Out of stock
LG 24MP500-B 23.8 Inch FreeSync Full HD IPS Monitor,21300৳,Out of stock
MAG T24 PLUS 23.8 INCH EYE CARE MONITOR,16500৳,Out of stock
HP EliteDisplay E233 23-inch FHD IPS Monitor,16700৳,Out of stock
Asus VZ249HEG1R 23.8 inch FHD IPS Gaming Monitor,18500৳,Out of stock
MSI Optix G241VC 24-Inch Full HD Curved Gaming Monitor,18500৳,Out of stock
HP 24fw 23.8 inch Ultraslim Full HD IPS LCD Monitor White,18700৳,Out of stock
Viewsonic VA2456-h 24'' 75hz Full HD Superclear IPS Monitor,16000৳,Out of stock
MSI G241V 23.8 Inch 75Hz FHD IPS Gaming Monitor,19750৳,Out of stock
MSI PRO MP273AW 27 Inch FHD 100Hz IPS Monitor,21500৳,Out of stock
HP EliteDisplay E243m 23.8 Inch IPS FHD Monitor,25400৳,Out of stock
Asus Mb169br+ 15.6 Inch FHD Portable Monitor,22600৳,Out of stock
Asus VA24DQ 23.8 Inch 75Hz Full HD Eye Care IPS Monitor,22500৳,Out of stock
BenQ Zowie XL2411K 24-Inch 144Hz Gaming Monitor,23900৳,Out of stock
ASUS BE24AQLB 24 Inch IPS Business Monitor,21750৳,Out of stock
ASUS MB168B 15.6-inch HD Portable USB Monitor,22000৳,Out of stock
BenQ GW2480T 24 inch Full HD Eye-Care Stylish IPS Monitor,24500৳,Out of stock
BenQ EW2480 23.8-Inch Eye-Care IPS Monitor,24000৳,Out of stock
Asus VA24EQSB 23.8 Inch Frameless Full HD IPS Eye Care Monitor,22400৳,Out of stock
Asus VA24EHE 23.8 Inch 75Hz FHD Monitor,22500৳,Out of stock
ASUS BE24DQLB 24 Inch Video Conferencing FHD IPS Monitor,23500৳,Out of stock
MSI Optix G242 24 Inch 144 Hz FHD FreeSync Gaming Monitor,25000৳,Out of stock
ViewSonic VX2476-SH 24 inch Full HD IPS Monitor,22000৳,Out of stock
HP Elite Display E243i 24 Inch Full HD Monitor,23500৳,Out of stock
LG 24GN600-B 24 inch UltraGear FHD IPS 1ms 144Hz HDR Monitor,24500৳,Out of stock
Asus VG255H 24.5 Inch FHD Freesync TN Console Gaming Monitor,22000৳,Out of stock
MSI Optix G243 23.8 inch 165Hz FHD Gaming Monitor,22500৳,Out of stock
"ViewSonic VA2732-H 27"" Full HD IPS Monitor",23000৳,Out of stock
Benq Zowie XL2411P 144Hz 24 inch 1ms e-Sports Monitor,23500৳,Out of stock
ASUS VG248QG 24 Inch FHD 165Hz G-SYNC Compatible Gaming Monitor,27500৳,Out of stock
BENQ EW2780 27-INCH HDR FREESYNC IPS MONITOR,27500৳,Out of stock
ASUS VY279HE 27-inch 75Hz FHD FreeSync IPS Eye Care Monitor,28500৳,Out of stock
HP EliteDisplay E273 Monitor,28300৳,Out of stock
LG 27MP500-B 27 Inch FreeSync Full HD IPS Monitor,25500৳,Out of stock
LG 27MK600M-B 27 Inch IPS Full HD Monitor,27360৳,Out of stock
HP EliteDisplay E230t 23-inch Touch Monitor,26300৳,Out of stock
BenQ GW2780 27 inch Full HD Eye-care IPS Monitor,26500৳,Out of stock
MSI MAG ARTYMIS 242C 24 Inch FHD VA FreeSync Premium 165Hz Curved Gaming Monitor,26000৳,Out of stock
HP P27h G4 27 Inch Full HD IPS Monitor,26000৳,Out of stock
ASUS VP278QGL 27 Inch FHD FreeSync Gaming Monitor,25500৳,Out of stock
Acer Nitro VG270 Sbmiipx 27 Inch FHD Dual HDMI DP IPS Gaming Monitor,27900৳,Out of stock
Asus VA27EHE 27 Inch FHD Eye Care Monitor,26000৳,Out of stock
Asus VG248QE 24 Inch FHD 144hz Gaming Monitor,26000৳,Out of stock
Dell P2418HZ 24 Inch Monitor for Video Conferencing,26800৳,Out of stock
LG 24GN650-B 24 Inch UltraGear FHD IPS 1ms 144Hz HDR Gaming Monitor,26800৳,Out of stock
Viewsonic XG2405 24 Inch 144Hz AMD FreeSync IPS Gaming Monitor,26500৳,Out of stock
HP 27F IPS 27 INCH LED BACKLIGHT FULL HD MONITOR,27500৳,Out of stock
HP 27FW 27-Inch Ultraslim Full HD IPS Monitor,28000৳,Out of stock
MSI Optix G27C5 165Hz Gaming Monitor,27000৳,Out of stock
BENQ MOBIUZ EX2710 27 INCH 144HZ IPS GAMING MONITOR,36500৳,Out of stock
HP E27 G4 27 INCH FHD IPS MONITOR,32000৳,Out of stock
Benq Mobiuz EX2510 24.5-Inch 144Hz 1ms IPS Gaming Monitor,33500৳,Out of stock
ASUS TUF Gaming VG27VH1B 27 Inch 165Hz Curved Monitor,40000৳,Out of stock
BenQ Mobiuz EX2710S 27 Inch 165Hz 1ms IPS Gaming Monitor,36500৳,Out of stock
BenQ GW2485TC 23.8 Inch FHD Eye-Care Stylish IPS Monitor,28500৳,Out of stock
BenQ GW2785TC 27 Inch FHD Eye-Care Stylish IPS Monitor,32500৳,Out of stock
BenQ Zowie XL2731 144Hz 27 Inch 1ms Gaming Monitor,36900৳,Out of stock
HP EliteDisplay E273q 27 Inch 2K Monitor,35500৳,Out of stock
ViewSonic TD2230 22 Inch 10-point Full HD Touch Screen Monitor,30000৳,Out of stock
ViewSonic VA2715-2K-MHD 27 Inch 2K Monitor,30300৳,Out of stock
BenQ EL2870U 28 inch 4K HDR Gaming Monitor,35500৳,Out of stock
Viewsonic XG2405-2 24-inch 144Hz AMD FreeSync IPS Gaming Monitor,29900৳,Out of stock
ViewSonic VX2480-SHDJ 24 inch Full HD IPS Entertainment Monitor,29000৳,Out of stock
HP OMEN X 25 24.5 Inch 16:9 240 Hz NVIDIA G-SYNC TN Gaming Monitor,38700৳,Out of stock
Asus TUF VG279QL1A 27 inch HDR 165Hz Gaming Monitor,33900৳,Out of stock
Viewsonic TD1655 15.6-inch Portable 1080p IPS Touch Monitor,30500৳,Out of stock
BenQ EW2780Q 27-Inch 2K QHD Gaming Monitor,40500৳,Out of stock
ViewSonic VX2480-2K-SHD 24 Inch QHD IPS Entertainment Monitor,28900৳,Out of stock
BenQ Mobiuz EX2510S 24.5 Inch 165Hz 1ms IPS Gaming Monitor,33500৳,Out of stock
ASUS TUF VG289Q1A 28inch UHD 4K Gaming Monitor,55000৳,Out of stock
Gigabyte AORUS KD25F-EK 25 inch FHD Gaming Monitor,43300৳,Out of stock
BenQ EX3203R Curved 144Hz 32 Inch QHD 2K Gaming Monitor,51900৳,Out of stock
Gigabyte M32Q 32 Inch 165Hz QHD KVM IPS Gaming Monitor,46900৳,Out of stock
Asus VP348QGL 34 Inch UWQHD LED FreeSync Gaming Monitor,56000৳,Out of stock
BenQ ZOWIE XL2546 24.5 inch FHD 240Hz DyAc Technology 1ms Gaming Monitor,51500৳,Out of stock
HP E27q G4 27 Inch 2K QHD IPS Monitor,40500৳,Out of stock
ViewSonic VX3268-2KPC-MHD 32-inch MVA 144Hz FreeSync Curved Gaming Monitor,43800৳,Out of stock
ASUS ProArt Display PA247CV 23.8-inch 16:9 Adaptive-Sync IPS Monitor,42000৳,Out of stock
BenQ EW3270U 32 Inch 4K UHD Monitor,55500৳,Out of stock
ViewSonic VX2405-P-MHD 24 inch Monitor With GeForce RTX 3050 Graphics Card Combo,53900৳,Out of stock
Benq SW240 24 inch Photo Editing Monitor,48500৳,Out of stock
ASUS TUF VG27WQ 27 Inch WQHD 165Hz Curved Gaming Monitor,48500৳,Out of stock
Asus ROG Strix XG248Q Gaming Monitor,42000৳,Out of stock
Samsung LS32AM700UW 32 Inch 4K M7 Smart Monitor,48000৳,Out of stock
BenQ PD3200Q 32 Inch 16:9 QHD LCD Monitor,49500৳,Out of stock
BenQ Zowie XL2540 240Hz 24.5 inch e-Sports Monitor,51500৳,Out of stock
Viewsonic VX3418-2KPC 34 Inch WQHD 144Hz Adaptive Sync Curved Gaming Monitor,57000৳,Out of stock
BenQ PD2700Q DesignVue 27 inch 2K QHD 1440p IPS Monitor,41500৳,Out of stock
Asus ZenScreen MB16AMT 15.6 Inch FHD IPS Touch Monitor,43000৳,Out of stock
LG 27GN950-B 27 Inch 4K UHD Nano IPS Ultragear 144Hz G-SYNC Gaming Monitor,107500৳,Out of stock
Asus ROG Strix XG438Q 43 Inch 120Hz 4K UHD Gaming Monitor,152000৳,Out of stock
ASUS TUF VG32VQ1B 32 Inch WQHD 165Hz Curved Gaming Monitor,58000৳,Out of stock
BenQ Premium EW3880R 37.5 Inch Curved Ultrawide HDR IPS Monitor,115000৳,Out of stock
BENQ PD3220U DESIGNVUE DESIGNER 32 INCH HDR 4K IPS MONITOR,150000৳,Out of stock
BenQ EX3501R 35-Inch Curved Gaming Monitor,80000৳,Out of stock
LG 27GP950-B 27 Inch UltraGear 144Hz G-SYNC UHD IPS Gaming Monitor,110000৳,Out of stock
ViewSonic VP2756-4K 27 Inch UHD Dual HDMI DP USB Professional Monitor,114500৳,Out of stock
BenQ ST4302 43 Inch Android 4K Professional Smart Signage Display,62000৳,Out of stock
BenQ MOBIUZ EX2710R 27 Inch 165Hz FreeSync 2K QHD Curved Gaming Monitor,72500৳,Out of stock
BenQ EX2780Q 144Hz 27 Inch QHD 2K Gaming Monitor,59500৳,Out of stock
LG 38GN950-B UltraGear Curved Quad HD 38 Inch Nano IPS LCD Gaming Monitor,173000৳,Out of stock
BenQ SW270C 27 inch 2K QHD Photographer Monitor,89900৳,Out of stock
ASUS TUF Gaming VG28UQL1A 28 inch 144Hz IPS Gaming Monitor,116000৳,Out of stock
Asus TUF VG35VQ 35 Inch UWQHD 100Hz Eye Care HDR Gaming Monitor,75000৳,Out of stock
BenQ PD3200U 32 Inch 16:9 4K IPS Monitor,97000৳,Out of stock
ASUS ROG Strix XG32VQR 32 Inch Curved HDR Gaming Monitor,67500৳,Out of stock
ViewSonic VP3268-4K 32 inch 4K Ultra HD AH-IPS Professional Monitor,117000৳,Out of stock
BenQ PD2700U DesignVue Designer 27 Inch 16:9 IPS Monitor,69500৳,Out of stock
Asus TUF VG27AQL1A 170Hz IPS G-Sync 27 Inch Gaming Monitor,61000৳,Out of stock
ASUS ProArt Display PA32UCX-PK 4K HDR IPS Mini LED Professional Monitor,329000৳,Out of stock
Benq SW321C 32 inch 4K Photo and Video Editing Monitor,225000৳,Out of stock
