images,name,price,stock
https://cloud.ryanscomputers.com/cdn/products/small/amd-athlon-3000g-am4-socket-processor-with-vega-3-11695131635.webp,AMD Athlon 3000G Processor with Radeon Graphics (BUNDLE),0,Out of stock
https://cloud.ryanscomputers.com/cdn/products/small/single-intel-10th-gen-comet-lake-core-i3-10100f-11605418404.webp,Intel Core i3 10100F 10th Gen Processor,9000,In stock
https://cloud.ryanscomputers.com/cdn/products/small/amd-ryzen-5-5500-am4-socket-processor-11695009442.webp,AMD Ryzen 5 5500 Processor,11500,In stock
https://cloud.ryanscomputers.com/cdn/products/small/intel-10th-gen-comet-lake-core-i5-10400f-11693373172.webp,Intel 10th Gen Core i5-10400F Processor,12000,In stock
https://cloud.ryanscomputers.com/cdn/products/small/intel-10th-gen-comet-lake-core-i3-10100t-11695617869.webp,Intel 10th Gen Core i3-10100T,0,Out of stock
https://cloud.ryanscomputers.com/cdn/products/small/single-amd-ryzen-3-3200g-36ghz-40ghz-4-core-11567490434.webp,AMD Ryzen 3 3200G Processor with Radeon RX Vega 8 Graphics (bundle),14500,In stock
https://cloud.ryanscomputers.com/cdn/products/small/single-amd-ryzen-5-3400g-37ghz-42ghz-4-core-21567491960.webp,AMD Ryzen 5 3400G Processor with Radeon RX Vega 11 Graphics (Bulk),19500,In stock
https://cloud.ryanscomputers.com/cdn/products/small/intel-10th-gen-comet-lake-core-i3-10100-11670842359.webp,Intel Core i3 10100 10th Gen Processor,13000,In stock
https://cloud.ryanscomputers.com/cdn/products/small/amd-ryzen-5-4500-11653562328.webp,AMD Ryzen 5 4500 Processor,12700,In stock
https://cloud.ryanscomputers.com/cdn/products/small/intel-10th-gen-comet-lake-core-i3-10105-lga1200-11667739243.webp,Intel Core i3 10105 10th Gen Comet Lake Processor,13500,In stock
https://cloud.ryanscomputers.com/cdn/products/small/amd-ryzen-5-5600-35ghz-44ghz-6-core-35mb-cache-11670844428.webp,AMD Ryzen 5 5600 Desktop Processor,13300,In stock
https://cloud.ryanscomputers.com/cdn/products/small/intel-13th-gen-raptor-lake-core-i3-13100f-11679143865.webp,Intel Core i3-13100F Desktop Processor,13500,In stock
https://cloud.ryanscomputers.com/cdn/products/small/intel-12th-gen-alder-lake-core-i3-12100-processor-11671021234.webp,Intel Core i3-12100 12th Gen Alder Lake Processor,14000,In stock
https://cloud.ryanscomputers.com/cdn/products/small/intel-11th-gen-rocket-lake-core-i5-11400f-11693815948.webp,INTEL CORE I5 11400F 6 CORE 12 THREAD 11TH GEN PROCESSOR,15000,In stock
https://cloud.ryanscomputers.com/cdn/products/small/intel-11th-gen-rocket-lake-core-i5-11400f-lga1200-11663829776.webp,INTEL CORE I5 11400F 6 CORE 12 THREAD 11TH GEN PROCESSOR,15000,In stock
https://cloud.ryanscomputers.com/cdn/products/small/intel-13th-gen-raptor-lake-core-i3-13100-11673700515.webp,Intel Core i3-13100F Desktop Processor,13500,In stock
https://cloud.ryanscomputers.com/cdn/products/small/intel-12th-gen-alder-lake-core-i5-12400f-11670764878.webp,Intel Core i5-12400F 12th Gen Alder Lake Processor,18000,In stock
https://cloud.ryanscomputers.com/cdn/products/small/amd-ryzen-7-5700x-34ghz-46ghz-8-core-36mb-cache-21670761308.webp,AMD Ryzen 7 5700X 3.4 GHz AM4 Processor,18500,In stock
https://cloud.ryanscomputers.com/cdn/products/small/single-amd-ryzen-5-5600x-37ghz-46ghz-6-core-11605421057.webp,AMD Ryzen 5 5600X Processor,19500,In stock
https://cloud.ryanscomputers.com/cdn/products/small/amd-ryzen-threadripper-1900x-38-40ghz-8-core-16-11545290962.webp,AMD Ryzen Threadripper 1900X Desktop Processor,25500,In stock
https://cloud.ryanscomputers.com/cdn/products/small/intel-12th-gen-alder-lake-core-i5-12400-processor-11670825224.webp,Intel Core i5-12400 12th Gen Alder Lake Processor,21000,In stock
https://cloud.ryanscomputers.com/cdn/products/small/single-amd-ryzen-7-5700g-20mb-cache-desktop-11623305978.webp,AMD RYZEN 7 5700G RADEON GRAPHICS PROCESSOR,20500,In stock
https://cloud.ryanscomputers.com/cdn/products/small/amd-ryzen-5-7500f-37ghz-50ghz-11694937362.webp,AMD Ryzen 5 7500F Processor,20500,In stock
https://cloud.ryanscomputers.com/cdn/products/small/intel-13th-gen-raptor-lake-core-i5-13400f-11693815802.webp,Intel Core i5-13400F 13th Gen Processor,24500,In stock
https://cloud.ryanscomputers.com/cdn/products/small/intel-10th-gen-comet-lake-core-i7-10700-processor-11671012044.webp,Intel Core i7 10700 10th Gen Processor,25000,In stock
https://cloud.ryanscomputers.com/cdn/products/small/intel-13th-gen-raptor-lake-core-i5-13400-11688901889.webp,Intel Core i5-13400F 13th Gen Processor,24500,In stock
https://cloud.ryanscomputers.com/cdn/products/small/amd-ryzen-7-5800x-38ghz-47ghz-8-core-36mb-cache-31670759008.webp,AMD Ryzen 7 5800X Processor,25500,In stock
https://cloud.ryanscomputers.com/cdn/products/small/single-amd-ryzen-7-5800x-38ghz-47ghz-8-core-11605422338.webp,AMD Ryzen 5 7600X Processor,27500,In stock
https://cloud.ryanscomputers.com/cdn/products/small/intel-11th-gen-rocket-lake-core-i7-11700-lga1200-21670840718.webp,Intel Core i7-11700K 11th Gen Processor (Bundle),37000,In stock
https://cloud.ryanscomputers.com/cdn/products/small/intel-13th-gen-raptor-lake-core-i5-13400-lga1700-11671363439.webp,Intel Core i5-13400F 13th Gen Processor,24500,In stock
https://cloud.ryanscomputers.com/cdn/products/small/amd-ryzen-5-7600x-47ghz-53ghz-am5-socket-11665304091.webp,AMD Ryzen 5 7600X Processor,27500,In stock
https://cloud.ryanscomputers.com/cdn/products/small/intel-13th-gen-raptor-lake-core-i5-13500-11685526564.webp,Intel Core i5-13500 13th Gen Processor,28500,In stock
https://cloud.ryanscomputers.com/cdn/products/small/intel-13th-gen-raptor-lake-core-i5-13600kf-11665484705.webp,Intel 13th Gen Core i5 13600KF Raptor Lake Processor,35000,In stock
https://cloud.ryanscomputers.com/cdn/products/small/intel-12th-gen-alder-lake-core-i7-12700-11679460726.webp,Intel Core i7-12700 12th Gen Alder Lake Processor,36000,In stock
https://cloud.ryanscomputers.com/cdn/products/small/intel-13th-gen-raptor-lake-core-i5-13600k-11694861073.webp,Intel Core i5-13600K 13th Gen Raptor Lake Desktop Processor,37000,In stock
https://cloud.ryanscomputers.com/cdn/products/small/intel-12th-gen-alder-lake-core-i7-12700-desktop-11695636813.webp,Intel Core i7-12700 12th Gen Alder Lake Processor,36000,In stock
https://cloud.ryanscomputers.com/cdn/products/small/intel-12th-gen-alder-lake-core-i7-12700k-11694860673.webp,Intel Core i7-12700K 12th Gen Alder Lake 12-Core 3.6 GHz LGA 1700 Processor,38000,In stock
https://cloud.ryanscomputers.com/cdn/products/small/intel-13th-gen-raptor-lake-core-i5-13600k-11665483693.webp,Intel Core i5-13600K 13th Gen Raptor Lake Desktop Processor,37000,In stock
https://cloud.ryanscomputers.com/cdn/products/small/amd-ryzen-7-7700x-45ghz-54ghz-am5-socket-11665298842.webp,AMD Ryzen 7 7700X Processor,38000,In stock

